{
    "arr": [
        {
            "id": 0,
            "img": "/0.png",
            "mat": {
                "e00": 0.9742785692214966,
                "e01": 0.0,
                "e02": -4.258706809423529e-8,
                "e03": 0.0,
                "e10": 0.0,
                "e11": 1.7320507764816285,
                "e12": 0.0,
                "e13": -1.7320507764816285,
                "e20": 4.373761797182851e-8,
                "e21": 0.0,
                "e22": 1.0006000995635987,
                "e23": 2.9019203186035158,
                "e30": 4.371138828673793e-8,
                "e31": 0.0,
                "e32": 1.0,
                "e33": 3.5
            }
        },
        {
            "id": 1,
            "img": "/1.png",
            "mat": {
                "e00": 0.7882079482078552,
                "e01": 0.0,
                "e02": 0.5726666450500488,
                "e03": -1.1614305606144626e-7,
                "e10": 0.0,
                "e11": 1.7320507764816285,
                "e12": 0.0,
                "e13": -1.7320507764816285,
                "e20": -0.5881380438804627,
                "e21": 0.0,
                "e22": 0.8095024824142456,
                "e23": 2.901920795440674,
                "e30": -0.5877853035926819,
                "e31": 0.0,
                "e32": 0.80901700258255,
                "e33": 3.500000476837158
            }
        },
        {
            "id": 2,
            "img": "/2.png",
            "mat": {
                "e00": 0.30106863379478457,
                "e01": 0.0,
                "e02": 0.9265940189361572,
                "e03": 0.0,
                "e10": 0.0,
                "e11": 1.7320507764816285,
                "e12": 0.0,
                "e13": -1.7320507764816285,
                "e20": -0.951627254486084,
                "e21": 0.0,
                "e22": 0.3092024326324463,
                "e23": 2.9019203186035158,
                "e30": -0.9510565400123596,
                "e31": 0.0,
                "e32": 0.30901700258255007,
                "e33": 3.5
            }
        },
        {
            "id": 3,
            "img": "/3.png",
            "mat": {
                "e00": -0.3010686933994293,
                "e01": 0.0,
                "e02": 0.9265940189361572,
                "e03": 1.1614305606144626e-7,
                "e10": 0.0,
                "e11": 1.7320507764816285,
                "e12": 0.0,
                "e13": -1.7320507764816285,
                "e20": -0.951627254486084,
                "e21": 0.0,
                "e22": -0.30920249223709109,
                "e23": 2.9019205570220949,
                "e30": -0.9510565400123596,
                "e31": 0.0,
                "e32": -0.3090170621871948,
                "e33": 3.500000238418579
            }
        },
        {
            "id": 4,
            "img": "/4.png",
            "mat": {
                "e00": -0.7882080078125,
                "e01": 0.0,
                "e02": 0.5726666450500488,
                "e03": 2.3228611212289253e-7,
                "e10": 0.0,
                "e11": 1.7320507764816285,
                "e12": 0.0,
                "e13": -1.7320507764816285,
                "e20": -0.5881380438804627,
                "e21": 0.0,
                "e22": -0.8095025420188904,
                "e23": 2.901920795440674,
                "e30": -0.5877853035926819,
                "e31": 0.0,
                "e32": -0.8090170621871948,
                "e33": 3.500000476837158
            }
        },
        {
            "id": 5,
            "img": "/5.png",
            "mat": {
                "e00": -0.9742785692214966,
                "e01": 0.0,
                "e02": -4.258706809423529e-8,
                "e03": 0.0,
                "e10": 0.0,
                "e11": 1.7320507764816285,
                "e12": 0.0,
                "e13": -1.7320507764816285,
                "e20": 4.373761797182851e-8,
                "e21": 0.0,
                "e22": -1.0006000995635987,
                "e23": 2.9019203186035158,
                "e30": 4.371138828673793e-8,
                "e31": 0.0,
                "e32": -1.0,
                "e33": 3.5
            }
        },
        {
            "id": 6,
            "img": "/6.png",
            "mat": {
                "e00": -0.7882080078125,
                "e01": 0.0,
                "e02": -0.5726667046546936,
                "e03": 3.484291823951935e-7,
                "e10": 0.0,
                "e11": 1.7320507764816285,
                "e12": 0.0,
                "e13": -1.7320507764816285,
                "e20": 0.5881381034851074,
                "e21": 0.0,
                "e22": -0.8095025420188904,
                "e23": 2.9019203186035158,
                "e30": 0.5877853631973267,
                "e31": 0.0,
                "e32": -0.8090170621871948,
                "e33": 3.5
            }
        },
        {
            "id": 7,
            "img": "/7.png",
            "mat": {
                "e00": -0.30106881260871889,
                "e01": 0.0,
                "e02": -0.926594078540802,
                "e03": -3.484291823951935e-7,
                "e10": 0.0,
                "e11": 1.7320507764816285,
                "e12": 0.0,
                "e13": -1.7320507764816285,
                "e20": 0.9516273140907288,
                "e21": 0.0,
                "e22": -0.3092026114463806,
                "e23": 2.901920795440674,
                "e30": 0.9510565996170044,
                "e31": 0.0,
                "e32": -0.3090171813964844,
                "e33": 3.500000476837158
            }
        },
        {
            "id": 8,
            "img": "/8.png",
            "mat": {
                "e00": 0.30106863379478457,
                "e01": 0.0,
                "e02": -0.9265940189361572,
                "e03": 1.1614305606144626e-7,
                "e10": 0.0,
                "e11": 1.7320507764816285,
                "e12": 0.0,
                "e13": -1.7320507764816285,
                "e20": 0.951627254486084,
                "e21": 0.0,
                "e22": 0.3092024326324463,
                "e23": 2.9019203186035158,
                "e30": 0.9510565400123596,
                "e31": 0.0,
                "e32": 0.30901700258255007,
                "e33": 3.5
            }
        },
        {
            "id": 9,
            "img": "/9.png",
            "mat": {
                "e00": 0.7882077693939209,
                "e01": 0.0,
                "e02": -0.5726668238639832,
                "e03": -1.1614305606144626e-7,
                "e10": 0.0,
                "e11": 1.7320507764816285,
                "e12": 0.0,
                "e13": -1.7320507764816285,
                "e20": 0.588138222694397,
                "e21": 0.0,
                "e22": 0.8095023036003113,
                "e23": 2.9019203186035158,
                "e30": 0.5877854824066162,
                "e31": 0.0,
                "e32": 0.8090168237686157,
                "e33": 3.5
            }
        }
    ]
}